<?xml version="1.0" encoding="UTF-8"?>
<project-private xmlns="http://www.netbeans.org/ns/project-private/1">
    <editor-bookmarks xmlns="http://www.netbeans.org/ns/editor-bookmarks/2" lastBookmarkId="0"/>
    <open-files xmlns="http://www.netbeans.org/ns/projectui-open-files/2">
        <group>
            <file>file:/Applications/MAMP/htdocs/election/show_electionsamo.php</file>
            <file>file:/Applications/MAMP/htdocs/election/create_election_sapa_show.php</file>
            <file>file:/Applications/MAMP/htdocs/election/updated_samo_team.php</file>
            <file>file:/Applications/MAMP/htdocs/election/resault_samo_select.php</file>
            <file>file:/Applications/MAMP/htdocs/election/frm_register.php</file>
            <file>file:/Applications/MAMP/htdocs/election/election_sapa.php</file>
            <file>file:/Applications/MAMP/htdocs/election/frm_insert_ongkan_team.php</file>
            <file>file:/Applications/MAMP/htdocs/election/create_election_sapa.php</file>
            <file>file:/Applications/MAMP/htdocs/election/show_samo_team.php</file>
            <file>file:/Applications/MAMP/htdocs/election/delete_samo_team.php</file>
            <file>file:/Applications/MAMP/htdocs/election/resault_sapa_select.php</file>
            <file>file:/Applications/MAMP/htdocs/election/show_electionsamo_candi_user.php</file>
            <file>file:/Applications/MAMP/htdocs/election/update_ongkan_team.php</file>
            <file>file:/Applications/MAMP/htdocs/election/index.php</file>
            <file>file:/Applications/MAMP/htdocs/election/updated_ongkan_team.php</file>
            <file>file:/Applications/MAMP/htdocs/election/resault_ongkan.php</file>
            <file>file:/Applications/MAMP/htdocs/election/show_ongkan_team.php</file>
            <file>file:/Applications/MAMP/htdocs/election/update_ongkan_candidate.php</file>
            <file>file:/Applications/MAMP/htdocs/election/create_election_sapa_insert.php</file>
            <file>file:/Applications/MAMP/htdocs/election/edit_info.php</file>
            <file>file:/Applications/MAMP/htdocs/election/delete_ongkan_team.php</file>
            <file>file:/Applications/MAMP/htdocs/election/updated_sapa.php</file>
            <file>file:/Applications/MAMP/htdocs/election/election_ongkan.php</file>
            <file>file:/Applications/MAMP/htdocs/election/updated_ongkan_candidate.php</file>
            <file>file:/Applications/MAMP/htdocs/election/main.php</file>
            <file>file:/Applications/MAMP/htdocs/election/header.php</file>
            <file>file:/Applications/MAMP/htdocs/election/main_admin.php</file>
            <file>file:/Applications/MAMP/htdocs/election/show_electionongkan_user.php</file>
            <file>file:/Applications/MAMP/htdocs/election/resault_sapa.php</file>
            <file>file:/Applications/MAMP/htdocs/election/update_samo_team.php</file>
            <file>file:/Applications/MAMP/htdocs/election/update_sapa.php</file>
            <file>file:/Applications/MAMP/htdocs/election/add_info_form.php</file>
        </group>
    </open-files>
</project-private>
